Keyword Searched,Repository Name,Owner,Stars,Language,URL,Description
asthma,AsthmaHealth,ResearchKit,102,Objective-C,https://github.com/ResearchKit/AsthmaHealth,"ResearchKit app studying Asthma, developed by Mt Sinai."
asthma,Gen-AI-Hackathon,shivam6862,26,Jupyter Notebook,https://github.com/shivam6862/Gen-AI-Hackathon,"The Gen AI Hackathon project aims to utilize machine learning for healthcare by developing a web application that can detect various diseases such as asthma, cancer, diabetes, and stroke. The application provides real-time diagnosis based on predictive modeling. "
asthma,Building-Breather,alexbaramilis,23,,https://github.com/alexbaramilis/Building-Breather,"Breather is an open-source iOS app that shows the weather, air pollution and asthma conditions around you. I'm building the app and writing a Medium series to raise awareness about air pollution and practice some of the latest knowledge I gain about iOS, Swift and programming. https://medium.com/@alexandrosbaramilis/building-breather-intro-apis-air-pollution-and-global-health-design-d5aa2b172876"
asthma,asthma,mikelove,19,R,https://github.com/mikelove/asthma,RNA-seq quantifications: gene expression responses to human rhinovirus infection for 6 asthmatic and 6 non-asthmatic donors (SRP046226)
asthma,avatree,snousias,16,C++,https://github.com/snousias/avatree,"This paper presents AVATREE, a computational modelling framework that generates Anatomically Valid Airway tree conformations and provides capabilities for simulation of broncho-constriction apparent in obstructive pulmonary conditions. Such conformations are obtained from the personalized 3D geometry generated from computed tomography (CT) data through image segmentation. The patient-specific representation of the bronchial tree structure is extended beyond the visible airway generation depth using a knowledge-based technique built from morphometric studies. Additional functionalities of AVATREE include visualization of spatial probability maps for the airway generations projected on the CT imaging data, and visualization of the airway tree based on local structure properties. Furthermore, the proposed toolbox supports the simulation of broncho-constriction apparent in pulmonary diseases, such as chronic obstructive pulmonary disease (COPD) and asthma. AVATREE is provided as an open-source toolbox in C++ and is supported by a graphical user interface integrating the modelling functionalities. It can be exploited in studies of gas flow, gas mixing, ventilation patterns and particle deposition in the pulmonary system, with the aim to improve clinical decision making."
asthma,Asthmaphobia,sipacid,15,C++,https://github.com/sipacid/Asthmaphobia,A simple cheat for the game Phasmophobia
asthma,Asthma-Monitoring,samglish,14,Java,https://github.com/samglish/Asthma-Monitoring,Monitoring Asthma
asthma,Data-Analysis-Using-Python-for-Health-conditions-among-children-under-age_18,Ayush9922,14,Python,https://github.com/Ayush9922/Data-Analysis-Using-Python-for-Health-conditions-among-children-under-age_18,"This project explores and visualizes a dataset titled ""Health Conditions Among Children Under Age 18, United States"", using Python. It focuses on trends in child health conditions like asthma and ADHD over time, across different age groups."
asthma,Asthma-Risk-Predicition-Using-Machine-Learning-and-Internet-of-Things,K-GOKULAPPADURAI,8,Python,https://github.com/K-GOKULAPPADURAI/Asthma-Risk-Predicition-Using-Machine-Learning-and-Internet-of-Things,An Asthma risk predictor using machine learning by the help of dataset
asthma,pollen,rugaard,7,PHP,https://github.com/rugaard/pollen,üá©üá∞ü§ß API for retrieving latest pollen measurements from Astma-Allergi Denmark.
asthma,AirHealthNYC,SudhirSir,7,,https://github.com/SudhirSir/AirHealthNYC,"The AirHealthNYC project aims to explore the connection between air quality, specifically PM 2.5 levels, and asthma-related emergency visits in various neighborhoods of New York City (NYC) over multiple years.  "
asthma,Air-Quality-Prediction-and-Analysis-using-ANN-and-ANFIS,Ravipati97,7,MATLAB,https://github.com/Ravipati97/Air-Quality-Prediction-and-Analysis-using-ANN-and-ANFIS,"Pollutants in the atmosphere is a major problem in metropolitan cities due to vehicle and factory pollution. There is a need to take preliminary measures to overcome this problem since it leads to many health related issues like asthma and heart problems. So, there is a need to predict the level of these toxicants during various times of the day in order to warn the people suffering from these diseases so that they can be more cautious during the critical intervals of the day. We have identified the major pollutants of the atmosphere as NO2 and O3 along with 11 other pollutants which are either meteorological or geographic and particulate concentrations. We have used the techniques for prediction such as Artificial Neural Networks(ANN) and ANFIS(Adaptive Neuro Fuzzy Inference Systems) and compared them to find out that one perfect method that can precisely predict the concentrations for every 8 hours of the day."
asthma,asthma_prediction,o0windseed0o,6,Python,https://github.com/o0windseed0o/asthma_prediction,a deep learning-based predictive model used to predict the risk of asthma exacerbation among asthma patients according to a history of EHR data
asthma,Classification-of-Lung-Respiratory-Sounds,AFLucas-UOM,6,Jupyter Notebook,https://github.com/AFLucas-UOM/Classification-of-Lung-Respiratory-Sounds,"This project is focused on the automated classification of lung sounds using machine learning techniques, aimed at improving the diagnosis of pulmonary diseases such as asthma, pneumonia, and COPD."
asthma,Stress-Detection-Using-Image-Processing,venomhere1430,6,Python,https://github.com/venomhere1430/Stress-Detection-Using-Image-Processing,"The main motive of our project is to detect stress using vivid Machine learning and Image processing techniques. Stress can place one at higher risk for diabetes, ulcers, asthma, migraine headaches, skin disorders, epilepsy, and sexual dysfunction In this project we try to go in the depth of this problem by trying to detect the stress patterns of people. we would like to apply image processing and machine learning techniques to analyze stress patterns and to narrow down the factors that strongly determine the stress levels. Machine Learning algorithms like CNN classifiers are applied to classify stress. Image Processing is used at the initial stage for detection, the person‚Äôs image is clicked by the camera which serves as input. By taking input as an image from video frames and output may be image or characteristics associated with that image.Real time face stress detection model. The model is image processing based model which is having two parts:Emotion Recognition,Stress level calculation The emotion recognition model will return the emotion predicted real time. The model classifies face as stressed and not stressed. A model is trained on the fer2013 dataset.The stress level is calculated with the help of eyebrows contraction and displacemnent from the mean position. The distance between the left and right eyebrow is being calculated and then the stress level is calculated using exponential function and normalized between 1 to 100."
asthma,Audio_Classifier_for_Asthma_Detection,PRISHIta123,5,Python,https://github.com/PRISHIta123/Audio_Classifier_for_Asthma_Detection,"Classifies audio samples collected from patients, in real time to detect asthma and hypothorax conditions."
asthma,galvanize-capstone-asthma,howardvickers,5,Python,https://github.com/howardvickers/galvanize-capstone-asthma,asthma-rates.com - predict asthma rates after changes in social policy - Data Science Capstone Project
asthma,CDC-Places-Asthma-GWRF,VJGit1,5,Jupyter Notebook,https://github.com/VJGit1/CDC-Places-Asthma-GWRF,"This project deals with predicting and analyzing geographic patterns of asthma prevalence across USA. By using CDC PLACES dataset, I have tried to understand how asthma rates vary across different locations. Geographically Weighted Random Forest (GWRF),  that combines traditional random forest machine learning with geographic weighting is used."
asthma,Mendelian-randomization-fatty-acid-asthma,huangtingtingwsy,5,R,https://github.com/huangtingtingwsy/Mendelian-randomization-fatty-acid-asthma,
asthma,Digital-Inhaler,WinTer1165,5,Jupyter Notebook,https://github.com/WinTer1165/Digital-Inhaler,"The Digital Inhaler project is designed for asthma patients. It's low development costs, use of open source tools, and adaptability to local requirements, the project is not only technically advanced but also a practical, life enhancing step towards more connected healthcare for millions of asthma patients in resource limited environments."
asthma tracker,ecobreathai-app,saviourpromise,2,TypeScript,https://github.com/saviourpromise/ecobreathai-app,"A React Native Expo app for tracking asthma symptoms, managing user preferences, and monitoring health alerts. Features include user authentication, real-time symptom logging, customizable notifications, and history tracking. Integrates with the EcoBreathAi API for user data and symptom management."
asthma tracker,AsthmaTracker,ChrisKoenig,1,JavaScript,https://github.com/ChrisKoenig/AsthmaTracker,
asthma tracker,Asthma-Tracker-App,Anan1711,1,Java,https://github.com/Anan1711/Asthma-Tracker-App,Asthma patient monitoring app
asthma tracker,SCHASDB,sada-narayanappa,1,PLpgSQL,https://github.com/sada-narayanappa/SCHASDB,Postgres+postGIS DB for Asthma patients tracking
asthma tracker,runner-pollen-tracker,sunnysmol,1,,https://github.com/sunnysmol/runner-pollen-tracker,AI-powered app for runners with asthma to track safe running days based on pollen and air quality data
asthma tracker,Microcontroller-Based-Application-Development-Project,N-Malinga,1,PHP,https://github.com/N-Malinga/Microcontroller-Based-Application-Development-Project,"We've designed a versatile health monitoring device for hypertension and asthma. Users can track vital metrics through a user-friendly web app, fostering personal insights and doctor collaboration. The system includes an intelligent alarm for medication reminders, showcasing our commitment to innovative health management."
asthma tracker,peflog,tekemo,0,,https://github.com/tekemo/peflog,PEFLog asthma tracker
asthma tracker,AsthmaTracker,Giwrgos-xhmeia,0,CSS,https://github.com/Giwrgos-xhmeia/AsthmaTracker,Asthma Tracker app prama
asthma tracker,asthmasync,AsthmaSync,0,JavaScript,https://github.com/AsthmaSync/asthmasync,Asthma tracker app
asthma tracker,AsthmaTracker,singingstranger,0,Swift,https://github.com/singingstranger/AsthmaTracker,An app to help track your asthma
asthma tracker,app,asthmatrack,0,JavaScript,https://github.com/asthmatrack/app,asthma track app
asthma tracker,Asthma_Tracker_Web,MdAzizulHossain,0,Python,https://github.com/MdAzizulHossain/Asthma_Tracker_Web,Asthma patient monitoring app
asthma tracker,AsthmaMobile,Lothrazar,0,TypeScript,https://github.com/Lothrazar/AsthmaMobile,App for tracking medical doses such as Ashtma. Using Ionic
asthma tracker,Asthma_Tracker,KJ-Labs,0,,https://github.com/KJ-Labs/Asthma_Tracker,
asthma tracker,asthma-tracker,RayDhabithIzza,0,JavaScript,https://github.com/RayDhabithIzza/asthma-tracker,
asthma tracker,Asthma-Tracker,varunprasad17,0,Java,https://github.com/varunprasad17/Asthma-Tracker,Asthma tracker application made using Jetpack Compose and Kotlin
asthma tracker,Asthma_Tracker_Hardware,Anan1711,0,C++,https://github.com/Anan1711/Asthma_Tracker_Hardware,
asthma tracker,asthma-tracker-2,william-murphy-jr,0,JavaScript,https://github.com/william-murphy-jr/asthma-tracker-2,
asthma tracker,bluemix-asthma-tracker,vvaswani,0,HTML,https://github.com/vvaswani/bluemix-asthma-tracker,
asthma tracker,Asthma-Disease-Tracker,Pradeepsai7781,0,,https://github.com/Pradeepsai7781/Asthma-Disease-Tracker,
inhaler tracker,InhalerTracker,djbeadle,3,Swift,https://github.com/djbeadle/InhalerTracker,No frills iPhone app to record inhaler usage with date and time to Apple Health
inhaler tracker,Atem,paulmeierling,2,HTML,https://github.com/paulmeierling/Atem,"Atem is a digital respiratory disease management platform that enables patients to take control of their breathing. Inhaler adherence and technique are critical aspects to medication efficacy, but inhalers are difficult to remember and easy to misuse -- in fact, 80% of people with respiratory diseases use their inhalers incorrectly. Atem's sensors track when and how inhalers are used, then send that data to a companion app which provides personalized feedback. This allows patients, caregivers, and providers to proactively manage their lung conditions."
inhaler tracker,E-HEALTH-DEVISED-SMART-INHALER,Bhuvi224,1,,https://github.com/Bhuvi224/E-HEALTH-DEVISED-SMART-INHALER,"The designed prototype ‚ÄúE Devised Inhaler‚Äù monitors the patient‚Äôs health conditions, tracks the location and uploads to the cloud server, where it is stored in the cloud database, so healthcare advisors can access and analyze that signal for possible action and medication. "
inhaler tracker,inhaler-tracker,Glennzo,0,Swift,https://github.com/Glennzo/inhaler-tracker,
inhaler tracker,inhaler-tracker,jbucki,0,Ruby,https://github.com/jbucki/inhaler-tracker,
inhaler tracker,ASTHAM-INHALER-TRACKER,mishrauttamji,0,,https://github.com/mishrauttamji/ASTHAM-INHALER-TRACKER,
inhaler tracker,inhaler,m0skit0,0,Kotlin,https://github.com/m0skit0/inhaler,Simple Android app to keep track of your inhaler intakes 
inhaler tracker,FlowChart,pfvernon2,0,Swift,https://github.com/pfvernon2/FlowChart,Peak Expiatory Flow Rate and Inhaler Usage tracking for HealthKit
inhaler tracker,Smart-Inhaler-with-Usage-Tracking-and-Refill-Alerts,SivaranxnbdbdmiReddyndj,0,JavaScript,https://github.com/SivaranxnbdbdmiReddyndj/Smart-Inhaler-with-Usage-Tracking-and-Refill-Alerts," The Smart Inhaler with Usage Tracking and Refill Alerts monitors puff count, adherence, and technique (not shaken, weak inhale, orientation). A dashboard displays real-time data, while alerts notify users when nearing refill needs (170 puffs used), ensuring timely replacement & improved medication management."
inhaler tracker,iVento,BrDhaker,0,Dart,https://github.com/BrDhaker/iVento,The Ventoline BLE Tracker is a mobile application designed to connect to a Ventoline inhaler equipped with Bluetooth Low Energy (BLE) technology. This app allows users to monitor and track their Ventoline device and create alerts/reminders.
inhaler tracker,Operation-AetherBloom,FreeBandoLano,0,Python,https://github.com/FreeBandoLano/Operation-AetherBloom,"AetherBloom: A Flutter-based smart inhaler system for asthma management. Features BLE connectivity, Python backend (FastAPI, PostgreSQL), and AI/ML-powered analytics for real-time tracking and predictive insights"
peak flow,Hydrograph-py,WilcoTerink,27,Python,https://github.com/WilcoTerink/Hydrograph-py,"Tools for separating hydrograph in baseflow and peak flow, and extreme value analyses"
peak flow,FingerPulseLatency,cjs30,11,HTML,https://github.com/cjs30/FingerPulseLatency,A Javascript based HTML program to calculate the latency between electrical activity of the heart (R wave from the Polar H10 ECG) to the point of peak blood flow rate (PPG signal from the Polar Verity Sense).
peak flow,peakPicker,rockyco,10,HTML,https://github.com/rockyco/peakPicker,A Comprehensive Comparative Study of LLM-Aided FPGA Design Flow
peak flow,peak-flow-calculator,civicmapper,10,Python,https://github.com/civicmapper/peak-flow-calculator,Calculate peak flow at a point on a DEM using the TR55 methodology and NOAA climate data
peak flow,Bayesian-Flood-Frequency-Analysis,aluke1,9,Matlab,https://github.com/aluke1/Bayesian-Flood-Frequency-Analysis,This program fits a log-pearson Type III distribution to peak stream flow records using Bayesian methods
peak flow,homeassistant-hoymiles-cloud,Philra94,8,Python,https://github.com/Philra94/homeassistant-hoymiles-cloud,"Home Assistant integration for Hoymiles Cloud API, primarily developed for HYT inverters with battery storage systems. This integration provides monitoring of solar production, energy flows, and battery status, with full configuration capabilities for battery operating modes (Self-Consumption, Economy, Backup, Off-Grid, Peak Shaving, Time of Use)."
peak flow,CARPE,pkmital,7,C++,https://github.com/pkmital/CARPE,"CARPE is ""Computational Algorithmic Representation and Processing of Eye-movements"".  It supports visualizations of film/eye-movements in columnar format, peak-through visualizations, heatmaps, optical flow analysis, gaze clustering, and many other visualization options. See http://thediemproject.wordpress.com for more details. Compuational and Algorithmic Representation and Processing of Eye-movements - OSX Version"
peak flow,habib_fyp_electric_vehicle_load_management,M-A-abeer-Sohail,6,MATLAB,https://github.com/M-A-abeer-Sohail/habib_fyp_electric_vehicle_load_management,"Simulation files for my Final year project at Habib University. A dynamic load flow of a modified IEEE 13 bus test case was conducted with electric vehicle load, and load management and peak shaving strategies tested out, which include workplace charging and time-of-use pricing. "
peak flow,Vehicle-Counting,pjswall,6,Python,https://github.com/pjswall/Vehicle-Counting,"The vehicle counting procedure offers accurate data on traffic flow, vehicle collisions, and traffic peak times on highways. Using digital image processing technologies on traffic camera video outputs is an acceptable strategy for achieving these goals. The Kalman filter is used to create a vehicle counter-classifier based on a mixture of video-image processing methods such as object detection, edge detection, frame distinction, and the Kalman filter. The proposed technique has been implemented using the Python programming language. The method's accuracy in vehicle counts and classification was assessed, yielding a classification accuracy of around 95% and a vehicle detection target error of about 4%. Vehicle Counting, Vehicle Detection, Traffic Analysis, Object Detection, Video-Image Processing are some of the terms used in this paper."
peak flow,CnR-flow,RenneLab,5,Nextflow,https://github.com/RenneLab/CnR-flow,"CUT&RUN-Flow, A Nextflow pipeline for QC, tag trimming, normalization, and peak calling for data from CUT&RUN experiments."
peak flow,PloidyPeaks,margothenry,5,R,https://github.com/margothenry/PloidyPeaks,Peak Detection Algorithm For Flow Cytometry Data
peak flow,peakflow,joscha0,5,Dart,https://github.com/joscha0/peakflow,Track Peak Flow Meter values app built with flutter
peak flow,CulvertModel_2.1,SoilWaterLab,5,Python,https://github.com/SoilWaterLab/CulvertModel_2.1,Updated Cornell Culvert Model with a fix for peak flow estimation
peak flow,NSCARPE,pkmital,5,C++,https://github.com/pkmital/NSCARPE,"CARPE is ""Computational Algorithmic Representation and Processing of Eye-movements"".  It supports visualizations of film/eye-movements in columnar format, peak-through visualizations, heatmaps, optical flow analysis, gaze clustering, and many other visualization options. CARPE using NSWindow, Multiple Heatmaps, XML file settings, Difference of Heatmaps, GPU optimizations"
peak flow,PeakFlow_Tracker,Fiary-Tale,4,Go,https://github.com/Fiary-Tale/PeakFlow_Tracker,‰∏∫‰∫ÜÊõ¥Â•ΩÂú∞ÁÆ°ÁêÜÂíåÁõëÊéßÁΩëÁªúÈôÑÂä†Â≠òÂÇ®ÔºàNASÔºâÊàñÂÖ∂‰ªñËÆæÂ§áÁöÑÊµÅÈáèÊ∂àËÄóÔºåÊàë‰ª¨ÂºÄÂèë‰∫Ü‰∏ÄÂ•óÊµÅÈáèÁõëÊéßÁ≥ªÁªü„ÄÇËØ•Á≥ªÁªüËÉΩÂ§üÂÆûÊó∂ÁõëÊéßNASËÆæÂ§áÂèäÂÖ∂‰ªñÂ∏∏ËßÅËÆæÂ§áÁöÑÁΩëÁªúÊµÅÈáèÔºåÁªüËÆ°ÊôöÈ´òÂ≥∞ÂíåÂπ≥Â≥∞Êó∂ÊÆµÁöÑÊµÅÈáèÊ∂àËÄóÔºåÂπ∂ÈÄöËøáÈíâÈíâÊú∫Âô®‰∫∫ÂèëÈÄÅÊµÅÈáèÁªüËÆ°‰ø°ÊÅØ„ÄÇÁ≥ªÁªüËøò‰ºöÂú®ÊØèÂ§©ÂçàÂ§úÈáçÁΩÆÊµÅÈáèÁªüËÆ°Ôºå‰ª•‰æøÁîüÊàêÊØèÊó•ÊµÅÈáèÊä•ÂëäÔºåÂ∏ÆÂä©ÁÆ°ÁêÜÂëòÂèäÊó∂‰∫ÜËß£ÁΩëÁªú‰ΩøÁî®ÊÉÖÂÜµÂπ∂‰ΩúÂá∫Áõ∏Â∫îÁöÑÁÆ°ÁêÜÂÜ≥Á≠ñ„ÄÇ
peak flow,flowPeaks,yongchao,4,,https://github.com/yongchao/flowPeaks,A fast and automatic clustering to classify the cells into subpopulations based on finding the peaks from the overall density function generated by K-means
peak flow,zumbro-flow-prediction,Carson-DeSotel,4,Jupyter Notebook,https://github.com/Carson-DeSotel/zumbro-flow-prediction,"A LSTM Model For Predicting Streamflow Peaks for the South Fork Zumbro River near Rochester, MN."
peak flow,OlaFlowIrregularWaveDict,abasrahmani,3,MATLAB,https://github.com/abasrahmani/OlaFlowIrregularWaveDict,"Auto-generate an OlaFlow waveDict with your desired significant wave height, peak spectra period, and storm duration"
peak flow,Estimation-of-peak-runoff-flow-and-peak-debris-flow-based-on-precipitation,ptx1834375815,2,Python,https://github.com/ptx1834375815/Estimation-of-peak-runoff-flow-and-peak-debris-flow-based-on-precipitation,Estimation of peak runoff flow and peak debris flow based on precipitation
peak flow,ESP32_PeakFlow_PressureMeter,ccadic,2,,https://github.com/ccadic/ESP32_PeakFlow_PressureMeter,Kicad prototype for a medical peak flow / pressure meter
asthma management,AsthsistPlus,MeenVP,2,Dart,https://github.com/MeenVP/AsthsistPlus,A Mobile Application for Assisting Asthma Management
asthma management,Asthma-Management-App,Shoyebahmmed,1,,https://github.com/Shoyebahmmed/Asthma-Management-App,
asthma management,Asthma-Management-Device_Dyspnea-Aid,ShenbagaRohith,1,Java,https://github.com/ShenbagaRohith/Asthma-Management-Device_Dyspnea-Aid,The concept of the system is to monitor the condition of a patient suffering for asthma and predict possible asthma attack for individuals and alert them using Android app
asthma management,AMHS_attack_prediction,kevinchtsang,1,MATLAB,https://github.com/kevinchtsang/AMHS_attack_prediction,Application of Machine Learning to Support Self-Management of Asthma with mHealth
asthma management,Industrial-Project-Asthma-Kids-Application-,Muhtasim-Billah,1,ASP,https://github.com/Muhtasim-Billah/Industrial-Project-Asthma-Kids-Application-,"Worked with Asthma kids in Victoria to develop a website for them which will give them Asthma severity, Asthma Management log & dashboard etc. The technology used are C#, Javascript, CSS, HTML, Web API, MSSQL Database Server, Microsoft Azure Cloud Service etc."
asthma management,Best-Rated-Air-flow-Purifiers-Of-2015-Critiques-Top-Recommendations-And-Comparability,logan726pibvblo,1,,https://github.com/logan726pibvblo/Best-Rated-Air-flow-Purifiers-Of-2015-Critiques-Top-Recommendations-And-Comparability,"Hello, my brand will be James, and I would like to be grateful for you for browsing my website. Since you're in this article, I'm heading to consider you're seeking to invest in an oxygen purifier, or you merely desire to locate out how they job before buying one. One of the virtually all difficult stuff I observed with acquiring air filtration is usually the unlimited volume of alternative, and that's where I goal to assist.<br><br>Best Rated <a href=""http://topairpurifierreviews.com"">Air Purifier</a> Of 2015 Assessments<br><br>The Winix PlasmaWave 5300 Weather Cleaner features a 3-phase filtering technique, PlasmaWave engineering and a built-in high quality sensor at an really affordable selling price. On best of that, it's suited for huge areas of up to 350 pillow toes in sizing.<br><br>The Greentech GT50 Plug-In will be the ideal small bedroom atmosphere cleaner for me. Away from the small measurement and noiseless functioning, it offers the capacity to take away dust, contaminants, fumes and airborne bacterias like Yeast infection, E-coli, Giardia, Salmonella, Cryptosporidium and Legionella.<br><br>Thus you've chosen to miss out my best selections (or not really, as the circumstance may become). Either approach, I don't head because it implies you're involved in obtaining out considerably more about oxygen purifiers, and what they perform.<br><br>The volumes detailed in the requirements of the cleaner perform certainly not translate beautifully into genuine life, integrating the dimension of the area for which the filter is suggested. Several elements take up a part in dimensions an oxygen cleaner all of which I've involved in this document.<br><br>Actually though nearly all weather cleaners today include HEPA filter, a great deal of them appear with pre-filters and/or stimulated cooking with charcoal briquettes (co2) filtration which substantially rise their blocking features. To locate out how they do the job and why they're a good have to possess, look at out my document on them.<br><br>While the cleaner's major task is definitely to filtration the oxygen inside your house, its efficiency and day-to-day individual knowledge can get increased by a variety of benefits and/or various bonuses. These might contain sensors, computerized modes, distant management and various other alternatives.<br><br>Since air flow purifiers are usually appropriate for treating a large array of impurities many of these as dirt, allergens, dust particles mites, canine dander and fur, bacteria, trojans, mildew and black mold spores, I possess considered a seem at how each of these debris are handled and after that eliminated from blood flow.<br><br>For those of you who endure from contact allergies and asthma (and I think your soreness), I've made a decision to reveal considerably more about the content and what you can carry out to aid decrease all that hacking and coughing, wheezing and sneezing!<br><br>I possess delivered the site you notice before you to the web not really because I'm in the company of air flow purifiers. In truth, it's very the other as I learn what it's like to put up with from many ailments induced by infected surroundings, as I experienced from hypersensitivity and regular asthma assaults. Hence, I chosen to discover a choice to my difficulty and it didn't acquire very long before I arrived across atmosphere purifiers. Considering the simply matter I got to perform was choose one, buy it, and my complications would get resolved, I quickly found out I seemed to be inappropriate. The even more understanding I accumulated on how weather purifiers job, the even more information held going up."
asthma management,AsthmaManagement,shaileshrathee,0,Java,https://github.com/shaileshrathee/AsthmaManagement,
asthma management,Asthma-Management,FAUMobileWeb,0,,https://github.com/FAUMobileWeb/Asthma-Management,Mobile Web App for Asthma Management
asthma management,asthma-management,fatindamia,0,Python,https://github.com/fatindamia/asthma-management,
asthma management,gina,sisouissi,0,TypeScript,https://github.com/sisouissi/gina,GINA 2025 - Asthma Management Guide
asthma management,Asthma-Management-App,Bmalone100,0,Java,https://github.com/Bmalone100/Asthma-Management-App,My Final year project in university. A mobile app for the management of a long-term illness.
asthma management,Asthma_Case_Management,GentimisThanos,0,,https://github.com/GentimisThanos/Asthma_Case_Management,"This folder contains the codes for the paper titled: ""Predicting Asthma Patients Total Cost Using Neural Networks and Linear Regression"". Unfortunately due to FERPA and other confidentiality regulations the corresponding data cannot be shared. Please contact the owner for questions at gentimisth@gmail.com"
asthma management,project_asthManagement,gbolahan146,0,,https://github.com/gbolahan146/project_asthManagement,
asthma management,asthma-buddy,joeasante,0,TypeScript,https://github.com/joeasante/asthma-buddy,Digital health PWA for asthma management
asthma management,asthma-cds,cqframework,0,Batchfile,https://github.com/cqframework/asthma-cds,NHLBI Update on Selected Topics in Asthma Management
asthma management,Breezy-Asthma-Management-App,laurayy,0,HTML,https://github.com/laurayy/Breezy-Asthma-Management-App,Breezy product website 
asthma management,Asthma-Manager,marescatalin,0,Swift,https://github.com/marescatalin/Asthma-Manager,Asthma Management iOS app using Apple CareKit Framework
asthma management,Asthma-management-system-Android-application,Muneera-Alhajri,0,,https://github.com/Muneera-Alhajri/Asthma-management-system-Android-application,This paper published for my graduate project. It was a Non-invasive device and automated monitoring system to assist patients and healthcare provider in tracking the patient condition. 
asthma log,asthma-attacks-stat-analysis-app,anjalimalik,1,Matlab,https://github.com/anjalimalik/asthma-attacks-stat-analysis-app,"Prototype application coded in matlab for statistical analysis, comparisons, and data logging of asthma attacks in children; target users include researchers studying this common condition "
asthma log,BreatheEasy-AI,dragonpilee,1,TypeScript,https://github.com/dragonpilee/BreatheEasy-AI,"BreatheEasy AI is a web-based application designed to help users log asthma-related symptoms, lifestyle factors, and medication usage."
asthma log,Asthma-BIOE70071,Dineth5,0,,https://github.com/Dineth5/Asthma-BIOE70071,Air pollution monitor and logging for asthma sufferers
asthma log,AllerAlert,cpokala,0,Dart,https://github.com/cpokala/AllerAlert,"AllerAlert is a Flutter-based health app that helps asthma patients manage symptoms by combining real-time air quality monitoring, voice-enabled logging, and smart data analysis."
asthma log,SMART-AIR,Amal-Mantrala,0,Java,https://github.com/Amal-Mantrala/SMART-AIR,"SMART AIR is a kid-friendly Android app that helps children understand asthma, practice good inhaler technique, log symptoms/medicine use, and share parent-approved information with a healthcare provider via a concise, exportable report."
asthma log,SmartAir,EricKel1,0,Java,https://github.com/EricKel1/SmartAir,"SMART AIR is a kid-friendly Android app that helps children (ages 6‚Äì16) understand asthma, practice good inhaler technique, log symptoms/medicine use, and share parent-approved information with a healthcare provider via a concise, exportable report."
asthma log,Smart-Air,zhiyuanwang552,0,Java,https://github.com/zhiyuanwang552/Smart-Air,"SMART AIR is a kid-friendly Android app that helps children (ages 6‚Äì16) understand asthma, practice good inhaler technique, log symptoms/medicine use, and share parent-approved information with a healthcare provider via a concise, exportable report."
asthma log,group4,xhq-uinn,0,Java,https://github.com/xhq-uinn/group4,"SMART AIR is a kid-friendly Android app that helps children (ages 6‚Äì16) understand asthma, practice good inhaler technique, log symptoms/medicine use, and share parent-approved information with a healthcare provider via a concise, exportable report."
asthma log,AirQuality-Monitor-ESP32,Customize5773,0,C++,https://github.com/Customize5773/AirQuality-Monitor-ESP32,"AirQuality-Monitor-ESP32 is a smart IoT device that monitors PM2.5, temperature, and humidity using SDS011 and BME680 sensors. It logs data to an SD card, alerts users via WhatsApp, and ensures asthma patients are protected with real-time environmental monitoring."
asthma log,SMART-AIR,Mustafa-Adnan-Official,0,,https://github.com/Mustafa-Adnan-Official/SMART-AIR,"Android app developed for CSCB07 (Software Design, Fall 2025). SMART AIR helps children with asthma log symptoms and medication use, while allowing parents to track progress and securely share reports with healthcare providers. Built using Scrum, Model-View-Presenter architecture, and JUnit testing."
allergy induced asthma,inosrakis1970,waititivan,0,,https://github.com/waititivan/inosrakis1970,"Asthma and allergy associates, please contact us regarding spam, politics or any a lot of inappropriate videos, as a aids in us remove them more abruptly!  Actually are detrimental drugs along with divorce destroying a http://asthmablog.xyz?  Asthma and allergy center at a new bar later because night, too.  A new 2nd leap waited centuries, until Sports induced asthma additionally his detailed maps.  Otc asthma inhaler, a boyfriend found stabbed to death along with broke up with in an empty lot turns into a standoff with a abode 2nd door."
asthma symptoms,MediAssist,AritraChowdhury006,2,Jupyter Notebook,https://github.com/AritraChowdhury006/MediAssist,"A medical chatbot built with Python, NLTK, and TensorFlow. Medbot detects symptoms, suggests prevention tips, and offers doctor consultation links. Trained on custom intents for cold, fever, diabetes, depression, and asthma. Lightweight, fast, and easy to extend."
asthma symptoms,Health-Care-Chatbot,Abhirup255,2,Jupyter Notebook,https://github.com/Abhirup255/Health-Care-Chatbot,"A terminal-based medical chatbot built with Python, NLTK, and TensorFlow. Medbot detects symptoms, suggests prevention tips, and offers doctor consultation links. Trained on custom intents for cold, fever, diabetes, depression, and asthma. Lightweight, fast, and easy to extend."
asthma symptoms,asthma-condition-detector,Microelectronics-Team-1,1,C++,https://github.com/Microelectronics-Team-1/asthma-condition-detector,Detector for Asthma symptom-inducing Air Conditions
asthma symptoms,ASTHMAALERT-STANDALONE-WEARABLE-ASTHMA-ALERT-SYSTEM-FOR-ENVIRONMENTAL-TRIGGERS,Suryalakshmi50,1,,https://github.com/Suryalakshmi50/ASTHMAALERT-STANDALONE-WEARABLE-ASTHMA-ALERT-SYSTEM-FOR-ENVIRONMENTAL-TRIGGERS,"The device incorporates sensors to assess vital environmental variables continually, such as humidity, temperature, and gas concentrations, which are known to affect asthma symptoms. "
asthma symptoms,Chest-X-Ray-Images-Pneumonia-Vs-Normal-,bharathbhimshetty,1,Jupyter Notebook,https://github.com/bharathbhimshetty/Chest-X-Ray-Images-Pneumonia-Vs-Normal-,"# PNEUMONIA Pneumonia is an inflammatory condition of the lung affecting primarily the small air sacs known as alveoli.Typically, symptoms include some combination of productive or dry cough, chest pain, fever and difficulty breathing. The severity of the condition is variable.  Pneumonia is usually caused by infection with viruses or bacteria and less commonly by other microorganisms, certain medications or conditions such as autoimmune diseases. Risk factors include cystic fibrosis, chronic obstructive pulmonary disease (COPD), asthma, diabetes, heart failure, a history of smoking, a poor ability to cough such as following a stroke and a weak immune system.Diagnosis is often based on the symptoms and physical examination. Chest X-ray, blood tests, and culture of the sputum may help confirm the diagnosis. The disease may be classified by where it was acquired, such as community- or hospital-acquired or health care-associated pneumonia.  Vaccines to prevent certain types of pneumonia are available. Other methods of prevention include hand washing and not smoking. Treatment depends on the underlying cause. Pneumonia believed to be due to bacteria is treated with antibiotics. If the pneumonia is severe, the affected person is generally hospitalized. Oxygen therapy may be used if oxygen levels are low.  Pneumonia affects approximately 450 million people globally (7% of the population) and results in about 4 million deaths per year. Pneumonia was regarded by Canadian pathologist William Osler in the 19th century as ""the captain of the men of death"". With the introduction of antibiotics and vaccines in the 20th century, survival greatly improved. Nevertheless, in developing countries, and also among the very old, the very young and the chronically ill, pneumonia remains a leading cause of death. Pneumonia often shortens suffering among those already close to death and has thus been called ""the old man's friend"".   ## AIM: * To classify the given X-Rays into Normal or Pnuemonia using CNN VGG-16 Architechture  ## Dataset: * https://www.kaggle.com/paultimothymooney/chest-xray-pneumonia"
asthma symptoms,asthma-symptoms,ghemhope5472,0,HTML,https://github.com/ghemhope5472/asthma-symptoms,
asthma symptoms,M.Sc.-Project,Abusaeed06,0,,https://github.com/Abusaeed06/M.Sc.-Project,Predicting Asthma Severity Using Machine Learning:  Symptoms and Demographic Factors. 
asthma symptoms,BreatheEase,JonathanSiddle,0,Dart,https://github.com/JonathanSiddle/BreatheEase,BreatheEase asthma and COPD symptom tracking app.
asthma symptoms,What-are-the-common-symptoms-that-indicate-asthma-,digitalsky-ai,0,,https://github.com/digitalsky-ai/What-are-the-common-symptoms-that-indicate-asthma-,
asthma symptoms,aiqi,cnheu,0,CSS,https://github.com/cnheu/aiqi,Aiqi - Risk Notification System to keep Asthma and Allergy Symptoms under control
asthma symptoms,Asthma_disease_prediction,HRIDOY56P,0,Jupyter Notebook,https://github.com/HRIDOY56P/Asthma_disease_prediction,"Asthma disease prediction from symptoms base analyze note. this project build with Machine learning XGBoost model designing with html,css,twiland.css and development this project on flask app."
asthma symptoms,Asthma-Prediction-model,bidya108,0,Python,https://github.com/bidya108/Asthma-Prediction-model,"A real-time, AI-driven application that predicts individual asthma risk using live environmental data, personal symptoms, and location-based pollen levels. Ideal for personal health monitoring and public health awareness."
asthma symptoms,Everything-Need-to-Know-About-Asthma-Types-Symptoms-amp-Causes,lalithacsh,0,,https://github.com/lalithacsh/Everything-Need-to-Know-About-Asthma-Types-Symptoms-amp-Causes,"Discover in-depth information on asthma types, symptoms, and causes. Empower yourself with knowledge for effective prevention and management strategies."
asthma symptoms,Asthma-disease,Abhishekrai13,0,Jupyter Notebook,https://github.com/Abhishekrai13/Asthma-disease,"Asthma is a chronic respiratory condition that affects the airways in the lungs, making it difficult for individuals to breathe. It is characterized by recurring episodes of wheezing, coughing, chest tightness, and shortness of breath. Asthma can vary in severity, from mild and occasional symptoms to severe and life-threatening attacks"
asthma symptoms,Diagnosis-of-Early-Asthma-in-Children-Based-on-Symptoms-A-Machine-Learning-Approach,BhabeshMali,0,,https://github.com/BhabeshMali/Diagnosis-of-Early-Asthma-in-Children-Based-on-Symptoms-A-Machine-Learning-Approach,
asthma symptoms,asthmaprediction-project,n8maxey,0,,https://github.com/n8maxey/asthmaprediction-project,"Asthma affects 8.2% of US adults and is often underdiagnosed due to spirometry‚Äôs limitations. Using a dataset of 2,392 patients with demographics, exposures, symptoms, and diagnosis labels, we apply logistic regression, LDA, QDA, KNN, trees, random forests, and Naive Bayes with five‚Äëfold CV to identify the best classifier and key predictors robust"
asthma symptoms,Predicting-Asthma-Exacerbations-using-Machine-Learning,AasthaLondhe14,0,Python,https://github.com/AasthaLondhe14/Predicting-Asthma-Exacerbations-using-Machine-Learning,"This project predicts asthma attacks using the k-Nearest Neighbors (k-NN) algorithm. It analyzes patient data‚Äîage, medical history, and environmental factors‚Äîto identify those at higher risk for worsening symptoms. The model demonstrates high accuracy, aiding healthcare providers in decision-making."
asthma symptoms,patient_pathways_codelists,NHLI-Respiratory-Epi,0,,https://github.com/NHLI-Respiratory-Epi/patient_pathways_codelists,"Codelists used to define disease cohorts (asthma, COPD, ILD, and bronchiectasis); and to define symptoms, diagnostic tests, and treatments"
asthma monitoring app,Asthma-Monitoring-App,ckineza,1,R,https://github.com/ckineza/Asthma-Monitoring-App, See prototype https://jhubiostatistics.shinyapps.io/remote_asthma_monitoring/
asthma monitoring app,asthmaler,echalkpad,1,TypeScript,https://github.com/echalkpad/asthmaler,"Ionic2 app to monitor your health, your medicines supplies and to remind you about daily medicines"
asthma monitoring app,Air-Quality-Monitoring-System,sohagINFINITY,1,,https://github.com/sohagINFINITY/Air-Quality-Monitoring-System,"Where pollution has become a major problem around the world, air pollution is the most dangerous, shocking and severe pollution among other pollutions e.g. water pollution, soil pollution, noise pollution, light pollution, thermal pollution etc. Air pollution is the major cause of diseases like asthma, cancer, bronchitis, birth defects and immune system like diseases. This system implements the combination of an android app, server, gas sensors (CO2, CO, LPG, and CH4) to sense the air quality of the environment and shows the real condition of air. Solving the draw backs of existing air quality sensors this device can be used to monitor various gasses at a time. The most demanding thing would be this system will give the real time data and will show the quality of the air based on the standard air quality. The system will give the user the indication of the air quality and based on given parameters it will let the user know how much the environmental air is polluted or safe. The goal is to make the system as reasonable as possible so that people from every society background can use this and if some research organization wants to do further research then if some nominal amount of money is invested then it would be a great solution to install a weather station thus air quality monitoring system."
asthma monitoring app,asthma-monitoring-device,DilshanIndunil,0,C++,https://github.com/DilshanIndunil/asthma-monitoring-device,"This repository contains the source code for an Asthma Monitoring System. The project includes a weather app built with HTML, CSS, and JavaScript, and Arduino code for a pulse sensor. The system helps monitor asthma by providing weather information and tracking pulse data."
asthma monitoring app,breatheeasy-app,Michael-Koo-21,0,,https://github.com/Michael-Koo-21/breatheeasy-app,AI-powered nocturnal asthma monitor using Gemma 3n
asthma monitoring app,asthmaguardv2,KarikariSamuelZachary,0,Dart,https://github.com/KarikariSamuelZachary/asthmaguardv2,A smart wearable system using the Arduino Nano 33 BLE Sense to monitor environmental and physiological parameters in real-time. The system integrates machine learning and AI techniques to detect asthma triggers and provide early warnings through a Flutter-based mobile app.
asthma monitoring app,Asthma-COPD-Welfare,ParthJain18,0,Kotlin,https://github.com/ParthJain18/Asthma-COPD-Welfare,"An android app that monitors the weather conditions specific to diseases like Asthma, and COPD and alert the user on about unhealthy/ potentially hazardous conditions."
asthma monitoring app,SMART-ASTHMA-PATIENT-MANAGEMENT-SYSTEM,Mwamba100,0,,https://github.com/Mwamba100/SMART-ASTHMA-PATIENT-MANAGEMENT-SYSTEM,"The system leverages a network of interconnected devices, including a user-friendly smart phone application, a smart inhaler with medication adherence monitoring, and strategically placed smoke sensors within the user's environment. The smart phone app serves as the central hub, collecting data from various sources. "
asthma monitoring app,bg_projectbreathing,Abouita,0,C#,https://github.com/Abouita/bg_projectbreathing,"A unity app to monitor children with asthma, and remind them to take their medication."
asthma monitoring app,0-_Risk,Mirna-Navigator,0,,https://github.com/Mirna-Navigator/0-_Risk,"One of the most alarming issues in modern cities is the air quality level, where air pollution has caused 120 deaths out of 100,000 per year based on a worldwide study (Green Car Congress, 2019). The World Health Organization emphasized that 97% of cities in low- and middle- income countries with more than 100 000 inhabitants do not meet World Health Organization (WHO) air quality guidelines. Due to poor air quality, it will increase potential health risks such as risk of stroke, heart disease, lung cancer, asthma and others as well (citation). Hence, there is a need to install an air quality monitoring system in cities to ensure the air is not contaminated. This can be done by installing sensors to monitor dust particles, carbon dioxide, carbon monoxide, nitrogen dioxide and sulfur dioxide levels and this information can be shared with the public through smartphones, where the smartphone app allows people to monitor real-time data of the current air quality level in the area. Hence, through these implementations, better quality of life can be achieved."
asthma action plan,Particle-Problems,duffylaura,1,JavaScript,https://github.com/duffylaura/Particle-Problems,An easy-to-use app that shows the user pollen count and air quality in entered location; user can also save their asthma action plan to app.
asthma action plan,AsthmaActionPlan,RutgersGRID,0,,https://github.com/RutgersGRID/AsthmaActionPlan,
asthma action plan,asthma-action-plan,klevingluo,0,TypeScript,https://github.com/klevingluo/asthma-action-plan,Web ui for designing asthma action plans
asthma action plan,asthma-action-plan,ruthmoog,0,HTML,https://github.com/ruthmoog/asthma-action-plan,
asthma action plan,Telemedicine,amandapps,0,,https://github.com/amandapps/Telemedicine,"As part of your asthma action plan, your doctor may show you how to monitor your asthma. This application is designed to offer an easier way to monitor the disease and also offers the doctor the    2   possibility to monitor the patient from distance. He can compare the numbers, symptoms, activities and even see your ECG and ACC, over time to make sure your asthma is controlled."
